app_id	application	runtime_host	runtime_url	source_ref	docker_asset	compose_ref	service	default_port	internal_port	credential_ref	min_cpu	min_mem_mb	min_disk_gb	status	notes
dvwa	DVWA	ct-target-dvwa	http://10.190.190.91:8080/	target-app-repos/dvwa	docker-images/security-testing-lab/bundles/dvwa.yml	bundles/dvwa.yml	dvwa	8080	80	secret/runtime-targets/dvwa/admin	1	1024	2	containerized	Uses upstream vulnerables/web-dvwa image and local source mirror where available.
sqli-labs	SQLi-Labs	ct-target-dvwa	http://10.190.190.91:18150/	target-app-repos/deployed-ct-target-dvwa/securitytestinglab-targets/dvwa-additional/sqli-labs	docker-images/security-testing-lab/bundles/additional-dvwa-original-targets.yml	bundles/additional-dvwa-original-targets.yml	sqli-labs	18150	80	none	1	512	2	containerized	Built from copied deployed source overlay.
owasp-bricks	OWASP Bricks	ct-target-dvwa	http://10.190.190.91:18151/	target-app-repos/deployed-ct-target-dvwa/securitytestinglab-targets/dvwa-additional/owasp-bricks	docker-images/security-testing-lab/bundles/additional-dvwa-original-targets.yml	bundles/additional-dvwa-original-targets.yml	owasp-bricks	18151	80	none	1	512	2	containerized	Built from copied deployed source overlay.
peruggia	Peruggia	ct-target-dvwa	http://10.190.190.91:18152/	target-app-repos/deployed-ct-target-dvwa/securitytestinglab-targets/dvwa-additional/peruggia	docker-images/security-testing-lab/bundles/additional-dvwa-original-targets.yml	bundles/additional-dvwa-original-targets.yml	peruggia	18152	80	none	1	512	1	containerized	Built from copied deployed source overlay.
upload-labs	Upload-Labs	ct-target-dvwa	http://10.190.190.91:18153/	target-app-repos/deployed-ct-target-dvwa/securitytestinglab-targets/dvwa-additional/upload-labs	docker-images/security-testing-lab/bundles/additional-dvwa-original-targets.yml	bundles/additional-dvwa-original-targets.yml	upload-labs	18153	80	none	1	512	1	containerized	Built from copied deployed source overlay.
xss-labs	XSS-Labs	ct-target-dvwa	http://10.190.190.91:18154/	target-app-repos/deployed-ct-target-dvwa/securitytestinglab-targets/dvwa-additional/xss-labs	docker-images/security-testing-lab/bundles/additional-dvwa-original-targets.yml	bundles/additional-dvwa-original-targets.yml	xss-labs	18154	80	none	1	512	1	containerized	Built from copied deployed source overlay.
google-gruyere	Google Gruyere	ct-target-dvwa	http://10.190.190.91:18155/	target-app-repos/deployed-ct-target-dvwa/securitytestinglab-targets/dvwa-additional/google-gruyere	docker-images/security-testing-lab/bundles/additional-dvwa-original-targets.yml	bundles/additional-dvwa-original-targets.yml	google-gruyere	18155	8008	none	1	512	1	containerized	Built from copied deployed source overlay.
security-ninjas	OWASP Security Ninjas	ct-target-dvwa	http://10.190.190.91:18156/	target-app-repos/deployed-ct-target-dvwa/securitytestinglab-targets/dvwa-additional/security-ninjas	docker-images/security-testing-lab/bundles/additional-dvwa-original-targets.yml	bundles/additional-dvwa-original-targets.yml	security-ninjas	18156	80	none	1	512	1	containerized	Built from copied deployed source overlay.
bodgeit-store	BodgeIt Store	ct-target-dvwa	http://10.190.190.91:18157/bodgeit/	target-app-repos/deployed-ct-target-dvwa/securitytestinglab-targets/dvwa-additional/bodgeit	docker-images/security-testing-lab/bundles/additional-dvwa-original-targets.yml	bundles/additional-dvwa-original-targets.yml	bodgeit-store	18157	8080	none	1	1024	2	containerized	Built from copied deployed source overlay.
altoroj	AltoroJ	ct-target-dvwa	http://10.190.190.91:18158/altoromutual/	target-app-repos/deployed-ct-target-dvwa/securitytestinglab-targets/dvwa-additional/altoroj	docker-images/security-testing-lab/bundles/additional-dvwa-original-targets.yml	bundles/additional-dvwa-original-targets.yml	altoroj	18158	8080	none	1	1024	2	containerized	Built from copied deployed source overlay.
vulnado	Vulnado	ct-target-dvwa	http://10.190.190.91:18159/cowsay	target-app-repos/deployed-ct-target-dvwa/securitytestinglab-targets/dvwa-additional/vulnado	docker-images/security-testing-lab/bundles/additional-dvwa-original-targets.yml	bundles/additional-dvwa-original-targets.yml	vulnado	18159	8080	none	1	1024	3	containerized	Requires local VULNADO_POSTGRES_PASSWORD in deployment environment.
juice-shop	OWASP Juice Shop	ct-target-appsuite	http://10.190.190.92:3000/	target-app-repos/juice-shop	docker-images/security-testing-lab/bundles/appsuite.yml	bundles/appsuite.yml	juice-shop	3000	3000	secret/runtime-targets/juice-shop/operator	1	1536	3	containerized	Uses upstream bkimminich/juice-shop image and local source mirror where available.
vampi	VAmPI	ct-target-appsuite	http://10.190.190.92:5000/	target-app-repos/vampi	docker-images/security-testing-lab/bundles/appsuite.yml	bundles/appsuite.yml	vampi	5000	5000	secret/runtime-targets/vampi/api	1	1024	2	containerized	Run /createdb after first start when using a fresh data store.
dvga	DVGA	ct-target-graphql	http://10.190.190.93:5013/	target-app-repos/dvga	docker-images/security-testing-lab/bundles/graphql.yml	bundles/graphql.yml	dvga	5013	5013	secret/runtime-targets/dvga/reviewer	1	1024	2	containerized	Uses upstream dolevf/dvga image and local source mirror where available.
ws-sse-lab	WebSocket SSE HTTP lab	ct-target-protocol-lab	http://10.190.190.94:8082/	tests/fixtures/runtime_targets/protocol_lab/ws_sse_lab	docker-images/security-testing-lab/bundles/protocol-lab.yml	bundles/protocol-lab.yml	ws-sse-lab	8082	8082	secret/runtime-targets/protocol-lab/ws-tenant-alpha	1	512	1	containerized	Built from repository protocol fixture source.
h2-lab	HTTPS HTTP2 lab	ct-target-protocol-lab	https://10.190.190.94:9443/	tests/fixtures/runtime_targets/protocol_lab/h2_lab	docker-images/security-testing-lab/bundles/protocol-lab.yml	bundles/protocol-lab.yml	h2-lab	9443	9443	none	1	512	1	containerized	Requires local cert mount when using TLS like the current lab.
crapi	crAPI	ct-target-holdout	http://10.190.190.95:8888/	target-app-repos/deployed-ct-target-holdout/section40-holdout-lab	docker-images/security-testing-lab/bundles/crapi-compose.yml	bundles/crapi-compose.yml	crapi-web	8888	80	secret/runtime-targets/crapi/operator	4	6144	12	containerized	crAPI is multi-service and Compose starts required dependencies.
crapi-mailhog	crAPI MailHog	ct-target-holdout	http://10.190.190.95:8025/	target-app-repos/deployed-ct-target-holdout/section40-holdout-lab	docker-images/security-testing-lab/bundles/crapi-compose.yml	bundles/crapi-compose.yml	mailhog	8025	8025	none	1	512	1	containerized	Auxiliary mailbox for crAPI workflows.
dvga-holdout	DVGA holdout	ct-target-holdout	http://10.190.190.95:5013/	target-app-repos/dvga	docker-images/security-testing-lab/bundles/section40-holdout-apps.yml	bundles/section40-holdout-apps.yml	dvga-holdout	5013	5013	secret/runtime-targets/dvga-holdout/reviewer	1	1024	2	containerized	Uses upstream DVGA image.
webgoat	WebGoat	ct-target-holdout	http://10.190.190.95:8081/WebGoat/	target-app-repos/webgoat	docker-images/security-testing-lab/bundles/section40-holdout-apps.yml	bundles/section40-holdout-apps.yml	webgoat-webwolf	8081	8080	secret/runtime-targets/webgoat/reviewer	2	2048	3	containerized	Same service also exposes WebWolf on 9090.
webwolf	WebWolf	ct-target-holdout	http://10.190.190.95:9090/WebWolf/	target-app-repos/webgoat	docker-images/security-testing-lab/bundles/section40-holdout-apps.yml	bundles/section40-holdout-apps.yml	webgoat-webwolf	9090	9090	secret/runtime-targets/webwolf/reviewer	1	512	1	containerized	Auxiliary service exposed by WebGoat container.
dvws	DVWS	ct-target-holdout	http://10.190.190.95:8082/	target-app-repos/dvws	docker-images/security-testing-lab/bundles/section40-holdout-apps.yml	bundles/section40-holdout-apps.yml	dvws	8082	80	secret/runtime-targets/dvws/reviewer	1	512	1	containerized	Same service also exposes auxiliary WebSocket HTTP port 8084.
dvws-aux	DVWS auxiliary HTTP	ct-target-holdout	http://10.190.190.95:8084/	target-app-repos/dvws	docker-images/security-testing-lab/bundles/section40-holdout-apps.yml	bundles/section40-holdout-apps.yml	dvws	8084	8080	secret/runtime-targets/dvws/reviewer	1	512	1	containerized	Auxiliary WebSocket service port for DVWS.
bwapp	bWAPP	ct-target-holdout	http://10.190.190.95:8083/	target-app-repos/bwapp	docker-images/security-testing-lab/bundles/section40-holdout-apps.yml	bundles/section40-holdout-apps.yml	bwapp	8083	80	secret/runtime-targets/bwapp/reviewer	1	1024	2	containerized	Uses current lab image raesene/bwapp.
vapi	vAPI	ct-target-holdout	http://10.190.190.95:18122/	target-app-repos/deployed-ct-target-holdout/section40-holdout-lab/vapi	docker-images/security-testing-lab/bundles/additional-api-targets.yml	bundles/additional-api-targets.yml	vapi	18122	80	none	2	2048	4	containerized	Requires generated target-local database credentials.
openemr	OpenEMR	ct-target-holdout	http://10.190.190.95:18160/	target-app-repos/openemr	docker-images/security-testing-lab/bundles/additional-heavy-apps.yml	bundles/additional-heavy-apps.yml	openemr-vuln	18160	80	none	2	3072	8	containerized	Heavy app. Review upstream setup prompts after first boot.
magento	Magento	ct-target-holdout	http://10.190.190.95:18161/	target-app-repos/magento2	docker-images/security-testing-lab/bundles/additional-heavy-apps.yml	bundles/additional-heavy-apps.yml	magento-old	18161	80	none	4	4096	12	containerized	Heavy app. Requires substantial disk and memory.
drupal	Drupal	ct-target-holdout	http://10.190.190.95:18164/	target-app-repos/drupal	docker-images/security-testing-lab/bundles/additional-heavy-apps.yml	bundles/additional-heavy-apps.yml	drupal-vuln	18164	80	none	2	2048	6	containerized	Requires generated target-local database credentials.
auth-boundary-rest	Auth-boundary REST lab	ct-target-holdout	http://10.190.190.95:18080/api/items	docker-images/security-testing-lab/bundles/auth-boundary-lab	docker-images/security-testing-lab/bundles/auth-boundary-lab.yml	bundles/auth-boundary-lab.yml	auth-boundary-lab	18080	8080	secret/runtime-targets/auth-boundary-lab/principal-alpha-token	1	512	1	containerized	Generated compatible support-service context. Source parity with target-local service is not claimed.
auth-boundary-graphql	Auth-boundary GraphQL lab	ct-target-holdout	http://10.190.190.95:18080/graphql	docker-images/security-testing-lab/bundles/auth-boundary-lab	docker-images/security-testing-lab/bundles/auth-boundary-lab.yml	bundles/auth-boundary-lab.yml	auth-boundary-lab	18080	8080	secret/runtime-targets/auth-boundary-lab/principal-beta-token	1	512	1	containerized	Shares the REST lab service.
mutillidae-ii	Mutillidae II	ct-target-legacy-web-zoo	http://10.190.190.96:8085/	target-app-repos/mutillidae	docker-images/security-testing-lab/bundles/legacy-web-zoo.yml	bundles/legacy-web-zoo.yml	mutillidae	8085	80	secret/runtime-targets/mutillidae/reviewer	1	1024	3	containerized	Uses webpwnized Mutillidae images with database service.
railsgoat	RailsGoat	ct-target-legacy-web-zoo	http://10.190.190.96:3001/	target-app-repos/railsgoat	docker-images/security-testing-lab/bundles/legacy-web-zoo.yml	bundles/legacy-web-zoo.yml	railsgoat	3001	3000	secret/runtime-targets/railsgoat/reviewer	2	2048	4	containerized	Uses owasp/railsgoat image in current lab compose.
benchmarkjava	OWASP BenchmarkJava	ct-target-legacy-web-zoo	https://10.190.190.96:8443/benchmark/	target-app-repos/benchmarkjava	docker-images/security-testing-lab/bundles/legacy-web-zoo.yml	bundles/legacy-web-zoo.yml	benchmarkjava	8443	8443	none	4	4096	8	containerized	Uses owasp/benchmark image.
benchmarkjava-source-matched	source-matched BenchmarkJava	ct-target-legacy-web-zoo	https://10.190.190.96:18443/benchmark/	target-app-repos/benchmarkjava	docker-images/security-testing-lab/bundles/legacy-web-zoo.yml	bundles/legacy-web-zoo.yml	benchmarkjava	18443	8443	none	4	4096	8	containerized	Current source-matched sidecar is deployment-local. Reuses Benchmark image unless the source-matched context is refreshed.
spring-petclinic	Spring Petclinic	ct-target-legacy-web-zoo	http://10.190.190.96:8086/	target-app-repos/deployed-ct-target-legacy-web-zoo/securitytestinglab-targets/legacy-web-zoo/spring-petclinic	docker-images/security-testing-lab/bundles/legacy-web-zoo.yml	bundles/legacy-web-zoo.yml	spring-petclinic	8086	8080	none	2	2048	4	containerized	Built from copied deployed source overlay.
bugzilla	Bugzilla	ct-target-legacy-web-zoo	http://10.190.190.96:18095/	target-app-repos/perl-bugzilla	docker-images/security-testing-lab/bundles/bugzilla.yml	bundles/bugzilla.yml	bugzilla	18095	80	secret/runtime-targets/bugzilla/reviewer	2	2048	4	containerized	Builds from bundled Bugzilla source cache.
lanraragi	LANraragi	ct-target-legacy-web-zoo	http://10.190.190.96:18096/	target-app-repos/perl-lanraragi	docker-images/security-testing-lab/bundles/lanraragi.yml	bundles/lanraragi.yml	lanraragi	18096	3000	secret/runtime-targets/lanraragi/reviewer	2	2048	4	containerized	Builds from bundled LANraragi source cache.
wrongsecrets	WrongSecrets	ct-target-legacy-web-zoo	http://10.190.190.96:18120/	target-app-repos/wrongsecrets	docker-images/security-testing-lab/bundles/additional-enterprise-cms-targets.yml	bundles/additional-enterprise-cms-targets.yml	wrongsecrets	18120	8080	none	2	2048	4	containerized	Uses jeroenwillemsen/wrongsecrets image.
wrongsecrets-mcp	WrongSecrets MCP aux	ct-target-legacy-web-zoo	http://10.190.190.96:18121/	target-app-repos/wrongsecrets	docker-images/security-testing-lab/bundles/additional-enterprise-cms-targets.yml	bundles/additional-enterprise-cms-targets.yml	wrongsecrets	18121	8090	none	1	512	1	containerized	Auxiliary port on the WrongSecrets service.
security-shepherd	Security Shepherd	ct-target-legacy-web-zoo	https://10.190.190.96:18131/login.jsp	target-app-repos/security-shepherd	docker-images/security-testing-lab/bundles/additional-enterprise-cms-targets.yml	bundles/additional-enterprise-cms-targets.yml	security-shepherd	18131	8443	none	4	4096	8	containerized	Requires generated DB and keystore passwords in deployment environment.
dvwp-wordpress	DVWP WordPress	ct-target-legacy-web-zoo	http://10.190.190.96:18140/	target-app-repos/dvwp	docker-images/security-testing-lab/bundles/additional-enterprise-cms-targets.yml	bundles/additional-enterprise-cms-targets.yml	dvwp-wordpress	18140	80	none	2	2048	4	containerized	Requires generated target-local database password.
dvwp-phpmyadmin	DVWP phpMyAdmin	ct-target-legacy-web-zoo	http://10.190.190.96:18141/	target-app-repos/dvwp	docker-images/security-testing-lab/bundles/additional-enterprise-cms-targets.yml	bundles/additional-enterprise-cms-targets.yml	dvwp-phpmyadmin	18141	80	none	1	512	1	containerized	Auxiliary phpMyAdmin service for DVWP.
old-phpmyadmin	old phpMyAdmin	ct-target-legacy-web-zoo	http://10.190.190.96:18162/	target-app-repos/phpmyadmin	docker-images/security-testing-lab/bundles/additional-cms-heavy-targets.yml	bundles/additional-cms-heavy-targets.yml	old-phpmyadmin	18162	80	none	1	512	1	containerized	Uses phpmyadmin/phpmyadmin 4.8 with MySQL 5.7.
joomla	Joomla	ct-target-legacy-web-zoo	http://10.190.190.96:18163/	target-app-repos/joomla-cms	docker-images/security-testing-lab/bundles/additional-cms-heavy-targets.yml	bundles/additional-cms-heavy-targets.yml	joomla-vuln	18163	80	none	2	2048	4	containerized	Requires generated target-local database password.
vulnerable-wordpress	vulnerable WordPress plugin lab	ct-target-legacy-web-zoo	http://10.190.190.96:18165/	target-app-repos/vulnerable-wordpress	docker-images/security-testing-lab/bundles/additional-cms-heavy-targets.yml	bundles/additional-cms-heavy-targets.yml	vulnerable-wordpress	18165	80	none	2	2048	4	containerized	Built from copied deployed source overlay.
nodegoat	NodeGoat	ct-target-node-zoo	http://10.190.190.97:4000/	target-app-repos/deployed-ct-target-node-zoo/securitytestinglab-targets/node-zoo/nodegoat	docker-images/security-testing-lab/bundles/node-zoo.yml	bundles/node-zoo.yml	nodegoat	4000	4000	secret/runtime-targets/nodegoat/reviewer	2	2048	4	containerized	Built from copied deployed source overlay with MongoDB dependency.
dvna	DVNA	ct-target-node-zoo	http://10.190.190.97:9090/	target-app-repos/dvna	docker-images/security-testing-lab/bundles/node-zoo.yml	bundles/node-zoo.yml	dvna	9090	9090	secret/runtime-targets/dvna/reviewer	1	1024	2	containerized	Uses appsecco/dvna sqlite image.
dvna-source-matched	source-matched DVNA	ct-target-node-zoo	http://10.190.190.97:19090/	target-app-repos/dvna	docker-images/security-testing-lab/bundles/node-zoo.yml	bundles/node-zoo.yml	dvna	19090	9090	secret/runtime-targets/dvna/reviewer	1	1024	2	containerized	Current source-matched sidecar source is target-local. Reuses DVNA image unless refreshed.
django-nv	Django.nV	ct-target-node-zoo	http://10.190.190.97:18123/	target-app-repos/deployed-ct-target-node-zoo/securitytestinglab-targets/node-zoo/django-nv	docker-images/security-testing-lab/bundles/additional-python-targets.yml	bundles/additional-python-targets.yml	django-nv	18123	8000	none	1	1024	2	containerized	Built from copied deployed source overlay.
vulpy	Vulpy	ct-target-node-zoo	http://10.190.190.97:18124/	target-app-repos/deployed-ct-target-node-zoo/securitytestinglab-targets/node-zoo/vulpy	docker-images/security-testing-lab/bundles/additional-python-targets.yml	bundles/additional-python-targets.yml	vulpy	18124	5000	none	1	1024	2	containerized	Built from copied deployed source overlay.
quickersite-classic-asp	QuickerSite Classic ASP health	ct-target-classic-asp	http://10.190.190.98:18097/ct-health.asp	target-app-repos/classic-asp-quickersite	none	none	none	18097	80	secret/runtime-targets/classic-asp/administrator-password	0	0	0	skipped_windows	Windows Server IIS Classic ASP target. Not containerized per goal constraint.
asp-vbscript-cms	ASP VBScript CMS	ct-target-classic-asp	http://10.190.190.98:18098/	target-app-repos/classic-asp-vbscript-cms	none	none	none	18098	80	secret/runtime-targets/classic-asp/administrator-password	0	0	0	skipped_windows	Classic ASP/IIS application. Not containerized per goal constraint.
asp-vbscript-cms-patched	patched exploration CMS	ct-target-classic-asp	http://10.190.190.98:18100/	target-app-repos/deployed-ct-target-classic-asp	none	none	none	18100	80	secret/runtime-targets/classic-asp/administrator-password	0	0	0	skipped_windows	Non-source-matched patched IIS exploration site. Not containerized.
xvwa	XVWA	ct-vulnlab-01	http://10.190.190.99:18101/	target-app-repos/xvwa	docker-images/security-testing-lab/bundles/vulnlab-01.yml	bundles/vulnlab-01.yml	xvwa	18101	80	none	1	512	1	containerized	Uses compatible bitnetsecdave/xvwa image because legacy manifest v1 images are unsupported.
wackopicko	WackoPicko	ct-vulnlab-01	http://10.190.190.99:18102/	target-app-repos/wackopicko	docker-images/security-testing-lab/bundles/vulnlab-01.yml	bundles/vulnlab-01.yml	wackopicko	18102	80	none	1	512	1	containerized	Uses adamdoupe/wackopicko image.
hackazon	Hackazon	ct-vulnlab-01	http://10.190.190.99:18103/	target-app-repos/hackazon	docker-images/security-testing-lab/bundles/vulnlab-01.yml	bundles/vulnlab-01.yml	hackazon	18103	80	none	2	2048	4	containerized	Uses compatible pierrickv/hackazon image.
headers-static-fixture	Headers static leak fixture	ct-vulnlab-01	http://10.190.190.99:18110/	target-app-repos/securitytestinglab-vulnlab-fixtures	docker-images/security-testing-lab/bundles/vulnlab-01.yml	bundles/vulnlab-01.yml	headers-static-fixture	18110	8080	none	1	256	1	containerized	Built from SecurityTestingLab vulnlab fixture source.
auth-jwt-fixture	JWT auth fixture	ct-vulnlab-01	http://10.190.190.99:18111/	target-app-repos/securitytestinglab-vulnlab-fixtures	docker-images/security-testing-lab/bundles/vulnlab-01.yml	bundles/vulnlab-01.yml	auth-jwt-fixture	18111	8080	none	1	256	1	containerized	Built from SecurityTestingLab vulnlab fixture source.
cache-deception-fixture	Cache deception fixture	ct-vulnlab-01	http://10.190.190.99:18112/	target-app-repos/securitytestinglab-vulnlab-fixtures	docker-images/security-testing-lab/bundles/vulnlab-01.yml	bundles/vulnlab-01.yml	cache-varnish	18112	80	none	1	512	1	containerized	Uses Varnish front end and fixture origin service.
waf-fixture	WAF bypass shape fixture	ct-vulnlab-01	http://10.190.190.99:18114/	target-app-repos/securitytestinglab-vulnlab-fixtures	docker-images/security-testing-lab/bundles/vulnlab-01.yml	bundles/vulnlab-01.yml	waf-fixture	18114	8080	none	1	256	1	containerized	Built from SecurityTestingLab vulnlab fixture source.
soap-wsdl-fixture	SOAP WSDL fixture	ct-vulnlab-01	http://10.190.190.99:18115/	target-app-repos/securitytestinglab-vulnlab-fixtures	docker-images/security-testing-lab/bundles/vulnlab-01.yml	bundles/vulnlab-01.yml	soap-wsdl-fixture	18115	8080	none	1	256	1	containerized	Built from SecurityTestingLab vulnlab fixture source.
oob-callback-fixture	Internal OOB callback fixture	ct-vulnlab-01	http://10.190.190.99:18116/	target-app-repos/securitytestinglab-vulnlab-fixtures	docker-images/security-testing-lab/bundles/vulnlab-01.yml	bundles/vulnlab-01.yml	oob-callback-fixture	18116	8080	none	1	256	1	containerized	Built from SecurityTestingLab vulnlab fixture source.
ai-safety-fixture	AI safety prompt fixture	ct-vulnlab-01	http://10.190.190.99:18117/	target-app-repos/securitytestinglab-vulnlab-fixtures	docker-images/security-testing-lab/bundles/vulnlab-01.yml	bundles/vulnlab-01.yml	ai-safety-fixture	18117	8080	none	1	256	1	containerized	Built from SecurityTestingLab vulnlab fixture source.
skf-labs-mini	OWASP SKF Labs Mini	ct-target-dvwa	http://10.190.190.91:18170/	target-app-repos/skf-labs-mini	docker-images/security-testing-lab/bundles/dvwa-additional-coverage-targets.yml	bundles/dvwa-additional-coverage-targets.yml	skf-labs-mini	18170	8080	none	1	512	1	containerized	Generated source-backed lab; pinned source revision 9b45f081c8080d1454a345785b9f3ddaf591be85; SKF-style focused labs for SSRF, IDOR, XXE, JWT, path traversal, and deserialization route shapes.
portswigger-websec-subset	PortSwigger-style Web Security Academy Subset	ct-target-dvwa	http://10.190.190.91:18171/	target-app-repos/portswigger-websec-subset	docker-images/security-testing-lab/bundles/dvwa-additional-coverage-targets.yml	bundles/dvwa-additional-coverage-targets.yml	portswigger-websec-subset	18171	8080	none	1	512	1	containerized	Generated source-backed lab; pinned source revision 8cbf1606cb09268f974f3dd83b82e123ff3a8ffe; Self-hosted WebGoat-like subset for request smuggling indicators, access control, cache poisoning, and parameter pollution surfaces.
graphql-voyager-demo	GraphQL Voyager Demo API	ct-target-holdout	http://10.190.190.95:18172/	target-app-repos/graphql-voyager-demo	docker-images/security-testing-lab/bundles/holdout-additional-coverage-targets.yml	bundles/holdout-additional-coverage-targets.yml	graphql-voyager-demo	18172	8080	none	1	512	1	containerized	Generated source-backed lab; pinned source revision c4b39c19bee60a39289473429341c0abc5caf05d; Additional GraphQL schema and voyager-style introspection endpoint for GraphQL adapter diversity beyond DVGA.
tiredful-api-lab	Tiredful REST API Lab	ct-target-holdout	http://10.190.190.95:18173/	target-app-repos/tiredful-api-lab	docker-images/security-testing-lab/bundles/holdout-additional-coverage-targets.yml	bundles/holdout-additional-coverage-targets.yml	tiredful-api-lab	18173	8080	none	1	512	1	containerized	Generated source-backed lab; pinned source revision 05a8eed0470dceba9b0231a1b38a86bc14bd1b88; REST/OpenAPI style API collection for Schemathesis, RESTler, OpenAPI parsing, auth-boundary, and error handling checks.
keycloak-oidc-weak-client	Keycloak Weak OIDC Client Lab	ct-target-holdout	http://10.190.190.95:18174/	target-app-repos/keycloak-oidc-weak-client	docker-images/security-testing-lab/bundles/holdout-additional-coverage-targets.yml	bundles/holdout-additional-coverage-targets.yml	keycloak-oidc-weak-client	18174	8080	none	1	1024	2	containerized	Generated source-backed lab; pinned source revision 02549938cf4f1a92540b2fbc4cfd8fa85a7893db; OIDC/Keycloak-like weak client and discovery metadata for OAuth, OIDC, JWT, redirect, and session adapter exercise.
saml-sp-idp-lab	SAML SP IdP Lab	ct-target-holdout	http://10.190.190.95:18175/	target-app-repos/saml-sp-idp-lab	docker-images/security-testing-lab/bundles/holdout-additional-coverage-targets.yml	bundles/holdout-additional-coverage-targets.yml	saml-sp-idp-lab	18175	8080	none	1	1024	2	containerized	Generated source-backed lab; pinned source revision 7f6a35b62625bf55cde9f91535421b4820e44bb2; SAML SP/IdP metadata and ACS/SLO shapes for saml_raider and XML security adapter exercise without retaining assertions.
python-framework-misconfig-lab	Python Framework Misconfiguration Lab	ct-target-node-zoo	http://10.190.190.97:18176/	target-app-repos/python-framework-misconfig-lab	docker-images/security-testing-lab/bundles/node-zoo-additional-coverage-targets.yml	bundles/node-zoo-additional-coverage-targets.yml	python-framework-misconfig-lab	18176	8080	none	1	512	1	containerized	Generated source-backed lab; pinned source revision af86f0770750d200db82f418f83426f05089eabe; Flask/Django-style route, template, upload, debug-header, and auth/session misconfiguration surfaces beyond Django.nV and Vulpy.
ghost-express-cms-lab	Ghost Express CMS Lab	ct-target-node-zoo	http://10.190.190.97:18177/	target-app-repos/ghost-express-cms-lab	docker-images/security-testing-lab/bundles/node-zoo-additional-coverage-targets.yml	bundles/node-zoo-additional-coverage-targets.yml	ghost-express-cms-lab	18177	8080	none	1	512	1	containerized	Generated source-backed lab; pinned source revision cefbaf438016c22f26b12042c4968c01aa75c691; Node/Express CMS-style content, admin, asset, redirect, and API route coverage distinct from NodeGoat and DVNA.
laravel-larabug-lab	Laravel LaraBug Lab	ct-target-legacy-web-zoo	http://10.190.190.96:18178/	target-app-repos/laravel-larabug-lab	docker-images/security-testing-lab/bundles/legacy-web-zoo-additional-coverage-targets.yml	bundles/legacy-web-zoo-additional-coverage-targets.yml	laravel-larabug-lab	18178	8080	none	1	512	1	containerized	Generated source-backed lab; pinned source revision 7d5f836bb054483e29c59b0676edc4a9261493cf; Laravel-style PHP framework routing, blade template, debug, storage, and CSRF form surfaces distinct from CMS/classic PHP apps.
spring-boot-vuln-lab	Spring Boot Vulnerable Lab	ct-target-legacy-web-zoo	http://10.190.190.96:18179/	target-app-repos/spring-boot-vuln-lab	docker-images/security-testing-lab/bundles/legacy-web-zoo-additional-coverage-targets.yml	bundles/legacy-web-zoo-additional-coverage-targets.yml	spring-boot-vuln-lab	18179	8080	none	1	1024	2	containerized	Generated source-backed lab; pinned source revision 278c7973328be9adc7b60b258fb621f96634eb01; Spring Boot actuator, MVC, JSON error, and Java route coverage beyond WebGoat, Petclinic, and BenchmarkJava.
struts-showcase-lab	Apache Struts Showcase Lab	ct-target-legacy-web-zoo	http://10.190.190.96:18180/	target-app-repos/struts-showcase-lab	docker-images/security-testing-lab/bundles/legacy-web-zoo-additional-coverage-targets.yml	bundles/legacy-web-zoo-additional-coverage-targets.yml	struts-showcase-lab	18180	8080	none	1	1024	2	containerized	Generated source-backed lab; pinned source revision 5d5a4f08e934990fed706e9d418b473c5218c0ba; Struts-style actions, OGNL-shaped parameters, upload, and Java MVC routing under strict lab isolation.
typo3-prestashop-legacy-lab	TYPO3 PrestaShop Legacy Lab	ct-target-legacy-web-zoo	http://10.190.190.96:18181/	target-app-repos/typo3-prestashop-legacy-lab	docker-images/security-testing-lab/bundles/legacy-web-zoo-additional-coverage-targets.yml	bundles/legacy-web-zoo-additional-coverage-targets.yml	typo3-prestashop-legacy-lab	18181	8080	none	1	512	1	containerized	Generated source-backed lab; pinned source revision f188a219c1444ee167710833a35edbedbde85b2f; Legacy CMS/e-commerce route, admin, module, asset, and install-surface coverage beyond Drupal, Joomla, Magento, and WordPress.
cache-deception-variants-lab	Web Cache Deception Variants Lab	ct-target-holdout	http://10.190.190.95:18182/	target-app-repos/cache-deception-variants-lab	docker-images/security-testing-lab/bundles/holdout-additional-coverage-targets.yml	bundles/holdout-additional-coverage-targets.yml	cache-deception-variants-lab	18182	8080	none	1	512	1	containerized	Generated source-backed lab; pinned source revision 732b6562839ae7e18183646ac61d4e88df9bc124; Additional deterministic cache deception path, suffix, content-type, and private-page variants for cache scanners.
ssrf-metadata-sim-lab	SSRF Metadata Simulation Lab	ct-target-holdout	http://10.190.190.95:18183/	target-app-repos/ssrf-metadata-sim-lab	docker-images/security-testing-lab/bundles/holdout-additional-coverage-targets.yml	bundles/holdout-additional-coverage-targets.yml	ssrf-metadata-sim-lab	18183	8080	none	1	512	1	containerized	Generated source-backed lab; pinned source revision 82ac239856f7573c324b8bb6f7b51b69a2c0fb31; Safe SSRF and cloud-metadata simulation endpoints without real cloud metadata exposure or callbacks.
cors-jwt-header-misconfig-lab	CORS JWT Header Misconfiguration Lab	ct-target-holdout	http://10.190.190.95:18184/	target-app-repos/cors-jwt-header-misconfig-lab	docker-images/security-testing-lab/bundles/holdout-additional-coverage-targets.yml	bundles/holdout-additional-coverage-targets.yml	cors-jwt-header-misconfig-lab	18184	8080	none	1	512	1	containerized	Generated source-backed lab; pinned source revision 7efb6edc7b1a90126083a45902c1fec026e943dc; Deterministic CORS, JWT, CSP, HSTS, security-header, and auth-boundary misconfiguration variants.
aspnet-core-vulnerable-lab	ASP.NET Core Vulnerable Lab	ct-target-classic-asp	http://10.190.190.98:18200/	target-app-repos/aspnet-core-vulnerable-lab	not-applicable-native-iis	lab-setup/windows-iis-apps.tsv	windows-iis	18200	18200	none	1	512	1	windows-iis-live	Pinned revision f6ac82236846b71317b8419ffae66f7166f6f641; public fallback https://github.com/dotnet/AspNetCore.Docs; .NET/Kestrel/Razor/MVC route and model-binding coverage with IIS fallback when .NET Hosting Bundle is unavailable
dnn-legacy-lab	DotNetNuke DNN Legacy Lab	ct-target-classic-asp	http://10.190.190.98:18201/	target-app-repos/dnn-legacy-lab	not-applicable-native-iis	lab-setup/windows-iis-apps.tsv	windows-iis	18201	18201	none	1	512	1	windows-iis-live	Pinned revision 7904ea8b355bc7e4b83f6338a7ac964f422f5203; public fallback https://github.com/dnnsoftware/Dnn.Platform; .NET CMS/WebForms/plugin-style coverage
umbraco-cms-lab	Umbraco CMS Lab	ct-target-classic-asp	http://10.190.190.98:18202/	target-app-repos/umbraco-cms-lab	not-applicable-native-iis	lab-setup/windows-iis-apps.tsv	windows-iis	18202	18202	none	1	512	1	windows-iis-live	Pinned revision aea9ad45398741c9144eaafc6b56c3db833644a0; public fallback https://github.com/umbraco/Umbraco-CMS; Modern .NET CMS workflow and content-management coverage
moodle-oldversion-lab	Moodle Old-Version Lab	ct-target-legacy-web-zoo	http://10.190.190.96:18203/	target-app-repos/moodle-oldversion-lab	docker-images/security-testing-lab/bundles/legacy-web-zoo-platform-expansion-targets.yml	bundles/legacy-web-zoo-platform-expansion-targets.yml	securitytestinglab-moodle-oldversion-lab	18203	8080	none	1	512	1	containerized	Pinned revision d38468607e55056845c5f88bc5229e37486adf3c; public fallback https://github.com/moodle/moodle; LMS roles, uploads, grading, course enrollment, and workflow authorization coverage
phpbb-forum-lab	phpBB Forum Lab	ct-target-legacy-web-zoo	http://10.190.190.96:18204/	target-app-repos/phpbb-forum-lab	docker-images/security-testing-lab/bundles/legacy-web-zoo-platform-expansion-targets.yml	bundles/legacy-web-zoo-platform-expansion-targets.yml	securitytestinglab-phpbb-forum-lab	18204	8080	none	1	512	1	containerized	Pinned revision dbcdc4a13618c3f78ef98f37ddc916f2e583e87e; public fallback https://github.com/phpbb/phpbb; Forum workflows, BBCode rendering, moderation, plugin, and session coverage
mediawiki-extension-lab	MediaWiki Extension Lab	ct-target-legacy-web-zoo	http://10.190.190.96:18205/	target-app-repos/mediawiki-extension-lab	docker-images/security-testing-lab/bundles/legacy-web-zoo-platform-expansion-targets.yml	bundles/legacy-web-zoo-platform-expansion-targets.yml	securitytestinglab-mediawiki-extension-lab	18205	8080	none	1	512	1	containerized	Pinned revision 8e55c04e4cdcb3b6c7c82c148185077544c78f75; public fallback https://github.com/wikimedia/mediawiki; Wiki templates, page history, extension routes, and permission-boundary coverage
roundcube-webmail-lab	Roundcube Webmail Lab	ct-target-holdout	http://10.190.190.95:18206/	target-app-repos/roundcube-webmail-lab	docker-images/security-testing-lab/bundles/holdout-platform-expansion-targets.yml	bundles/holdout-platform-expansion-targets.yml	securitytestinglab-roundcube-webmail-lab	18206	8080	none	1	512	1	containerized	Pinned revision 65285394e14d6697fb74d20faf80cd0df7217cb1; public fallback https://github.com/roundcube/roundcubemail; Webmail, MIME preview, address-book, attachment, and mail-auth flow coverage
nextcloud-owncloud-lab	Nextcloud ownCloud Lab	ct-target-holdout	http://10.190.190.95:18207/	target-app-repos/nextcloud-owncloud-lab	docker-images/security-testing-lab/bundles/holdout-platform-expansion-targets.yml	bundles/holdout-platform-expansion-targets.yml	securitytestinglab-nextcloud-owncloud-lab	18207	8080	none	1	512	1	containerized	Pinned revision 49755cc2061db216ddd4dc978a8550d2164d5c64; public fallback https://github.com/nextcloud/server; File sharing, WebDAV, public-link, sync API, and quota workflow coverage
gitea-devops-lab	Gitea DevOps Lab	ct-target-holdout	http://10.190.190.95:18208/	target-app-repos/gitea-devops-lab	docker-images/security-testing-lab/bundles/holdout-platform-expansion-targets.yml	bundles/holdout-platform-expansion-targets.yml	securitytestinglab-gitea-devops-lab	18208	8080	none	1	512	1	containerized	Pinned revision 7e272ed590f1396aa06828295748f4f680d31ee0; public fallback https://github.com/go-gitea/gitea; Git web UI, webhooks, repo permissions, release artifacts, and issue workflow coverage
jenkins-rbac-lab	Jenkins Plugin RBAC Lab	ct-target-holdout	http://10.190.190.95:18209/	target-app-repos/jenkins-rbac-lab	docker-images/security-testing-lab/bundles/holdout-platform-expansion-targets.yml	bundles/holdout-platform-expansion-targets.yml	securitytestinglab-jenkins-rbac-lab	18209	8080	none	1	512	1	containerized	Pinned revision a702fd8f6f34d7ea2f50412e96214656931f782c; public fallback https://github.com/jenkinsci/jenkins; CI job configuration, plugin surface, build log metadata, and RBAC workflow coverage
grafana-dashboard-lab	Grafana Dashboard Lab	ct-target-holdout	http://10.190.190.95:18210/	target-app-repos/grafana-dashboard-lab	docker-images/security-testing-lab/bundles/holdout-platform-expansion-targets.yml	bundles/holdout-platform-expansion-targets.yml	securitytestinglab-grafana-dashboard-lab	18210	8080	none	1	512	1	containerized	Pinned revision 662570ee34b67f97ea40d7a899e641443d88daa1; public fallback https://github.com/grafana/grafana; Dashboard, data-source proxy, saved query, and plugin-style route coverage
kibana-opensearch-lab	Kibana OpenSearch Dashboards Lab	ct-target-holdout	http://10.190.190.95:18211/	target-app-repos/kibana-opensearch-lab	docker-images/security-testing-lab/bundles/holdout-platform-expansion-targets.yml	bundles/holdout-platform-expansion-targets.yml	securitytestinglab-kibana-opensearch-lab	18211	8080	none	1	512	1	containerized	Pinned revision 8bbb05fa829ec8df3a309c38d69fed719e7edb33; public fallback https://github.com/opensearch-project/OpenSearch-Dashboards; Saved objects, dashboard APIs, index-pattern, and proxy-style data access coverage
grpc-web-demo-lab	gRPC-Web Demo Lab	ct-target-holdout	http://10.190.190.95:18212/	target-app-repos/grpc-web-demo-lab	docker-images/security-testing-lab/bundles/holdout-platform-expansion-targets.yml	bundles/holdout-platform-expansion-targets.yml	securitytestinglab-grpc-web-demo-lab	18212	8080	none	1	512	1	containerized	Pinned revision d4e0df74c8a9b4684afeeaede095725e41afc07e; public fallback https://github.com/grpc/grpc-web; Non-REST API protocol, grpc-web content types, reflection-like metadata, and unary route coverage
webauthn-passkey-lab	WebAuthn Passkey Lab	ct-target-holdout	http://10.190.190.95:18213/	target-app-repos/webauthn-passkey-lab	docker-images/security-testing-lab/bundles/holdout-platform-expansion-targets.yml	bundles/holdout-platform-expansion-targets.yml	securitytestinglab-webauthn-passkey-lab	18213	8080	none	1	512	1	containerized	Pinned revision 0414ce24ef4c21c5ef709a5f534e37915c32c584; public fallback https://github.com/duo-labs/py_webauthn; Modern browser authentication ceremony, attestation, assertion, and downgrade/misconfiguration coverage
ssti-matrix-lab	SSTI Matrix Lab	ct-target-node-zoo	http://10.190.190.97:18214/	target-app-repos/ssti-matrix-lab	docker-images/security-testing-lab/bundles/node-zoo-platform-expansion-targets.yml	bundles/node-zoo-platform-expansion-targets.yml	securitytestinglab-ssti-matrix-lab	18214	8080	none	1	512	1	containerized	Pinned revision a8734f4cd34d3d2a4425001168a64a96c1d5b4d5; public fallback https://github.com/pallets/jinja; Jinja2, Twig, Freemarker, and Velocity template-engine comparison coverage
